src/theo/_schema.py,graph_schema,,c47921d18e3b269886d0d301a746bc937c5dff2c
src/theo/_db.py,graph_db,,c47921d18e3b269886d0d301a746bc937c5dff2c
src/theo/_cow.py,cow_lifecycle,,c47921d18e3b269886d0d301a746bc937c5dff2c
src/theo/_git.py,git_helpers,,c47921d18e3b269886d0d301a746bc937c5dff2c
src/theo/cli/main.py,cli_commands,,c47921d18e3b269886d0d301a746bc937c5dff2c
src/theo/cli/serve.py,mcp_interface,,c47921d18e3b269886d0d301a746bc937c5dff2c
src/theo/cli/stats.py,cli_commands,,c47921d18e3b269886d0d301a746bc937c5dff2c
src/theo/cli/use.py,project_init,,c47921d18e3b269886d0d301a746bc937c5dff2c
src/theo/cli/ui.py,ui_server,,c47921d18e3b269886d0d301a746bc937c5dff2c
src/theo/__init__.py,theo,,c47921d18e3b269886d0d301a746bc937c5dff2c
src/theo/cli/__init__.py,cli_commands,,c47921d18e3b269886d0d301a746bc937c5dff2c
src/theo/py.typed,theo,,c47921d18e3b269886d0d301a746bc937c5dff2c
src/theo/skills/__init__.py,skills_bundle,,c47921d18e3b269886d0d301a746bc937c5dff2c
src/theo/skills/theo/SKILL.md,skills_bundle,,c47921d18e3b269886d0d301a746bc937c5dff2c
tests/conftest.py,tests,,c47921d18e3b269886d0d301a746bc937c5dff2c
tests/unit/test_schema.py,tests,,c47921d18e3b269886d0d301a746bc937c5dff2c
tests/unit/test_cow.py,tests,,c47921d18e3b269886d0d301a746bc937c5dff2c
tests/unit/test_git.py,tests,,c47921d18e3b269886d0d301a746bc937c5dff2c
tests/unit/test_ui.py,tests,,c47921d18e3b269886d0d301a746bc937c5dff2c
tests/unit/test_use_config.py,tests,,c47921d18e3b269886d0d301a746bc937c5dff2c
tests/integration/test_db.py,tests,,c47921d18e3b269886d0d301a746bc937c5dff2c
tests/integration/test_cow_integration.py,tests,,c47921d18e3b269886d0d301a746bc937c5dff2c
tests/integration/test_serve.py,tests,,c47921d18e3b269886d0d301a746bc937c5dff2c
tests/e2e/test_e2e.py,tests,,c47921d18e3b269886d0d301a746bc937c5dff2c
tests/__init__.py,tests,,c47921d18e3b269886d0d301a746bc937c5dff2c
tests/unit/__init__.py,tests,,c47921d18e3b269886d0d301a746bc937c5dff2c
tests/integration/__init__.py,tests,,c47921d18e3b269886d0d301a746bc937c5dff2c
tests/e2e/__init__.py,tests,,c47921d18e3b269886d0d301a746bc937c5dff2c
pyproject.toml,theo,,c47921d18e3b269886d0d301a746bc937c5dff2c
README.md,theo,,c47921d18e3b269886d0d301a746bc937c5dff2c
AGENTS.md,theo,,c47921d18e3b269886d0d301a746bc937c5dff2c
uv.lock,theo,,c47921d18e3b269886d0d301a746bc937c5dff2c
LICENSE,theo,,c47921d18e3b269886d0d301a746bc937c5dff2c
.gitignore,theo,,c47921d18e3b269886d0d301a746bc937c5dff2c
.pre-commit-config.yaml,theo,,c47921d18e3b269886d0d301a746bc937c5dff2c
.markdownlint.json,theo,,c47921d18e3b269886d0d301a746bc937c5dff2c
.github/workflows/ci.yml,tests,,c47921d18e3b269886d0d301a746bc937c5dff2c
.github/workflows/integration.yml,tests,,c47921d18e3b269886d0d301a746bc937c5dff2c
.github/dependabot.yml,theo,,c47921d18e3b269886d0d301a746bc937c5dff2c
src/theo/cli/reload.py,cli_commands,,d009f2a65db235124aa95065178bad092ee05656
