src/theo/_db.py,src/theo/_schema.py,,c47921d18e3b269886d0d301a746bc937c5dff2c
src/theo/cli/main.py,src/theo/cli/ui.py,,c47921d18e3b269886d0d301a746bc937c5dff2c
src/theo/cli/main.py,src/theo/cli/use.py,,c47921d18e3b269886d0d301a746bc937c5dff2c
src/theo/cli/main.py,src/theo/cli/stats.py,,c47921d18e3b269886d0d301a746bc937c5dff2c
src/theo/cli/main.py,src/theo/cli/serve.py,,c47921d18e3b269886d0d301a746bc937c5dff2c
src/theo/cli/serve.py,src/theo/_git.py,,c47921d18e3b269886d0d301a746bc937c5dff2c
src/theo/cli/serve.py,src/theo/_cow.py,,c47921d18e3b269886d0d301a746bc937c5dff2c
src/theo/cli/serve.py,src/theo/_db.py,,c47921d18e3b269886d0d301a746bc937c5dff2c
src/theo/cli/serve.py,src/theo/_schema.py,,c47921d18e3b269886d0d301a746bc937c5dff2c
src/theo/cli/stats.py,src/theo/_git.py,,c47921d18e3b269886d0d301a746bc937c5dff2c
src/theo/cli/stats.py,src/theo/_db.py,,c47921d18e3b269886d0d301a746bc937c5dff2c
src/theo/cli/use.py,src/theo/_db.py,,c47921d18e3b269886d0d301a746bc937c5dff2c
src/theo/cli/use.py,src/theo/_schema.py,,c47921d18e3b269886d0d301a746bc937c5dff2c
src/theo/cli/ui.py,src/theo/_git.py,,c47921d18e3b269886d0d301a746bc937c5dff2c
tests/conftest.py,src/theo/_db.py,,c47921d18e3b269886d0d301a746bc937c5dff2c
tests/conftest.py,src/theo/_schema.py,,c47921d18e3b269886d0d301a746bc937c5dff2c
